timecode,seconds,span_ms,method,found_by,exemplar_lag_s,match_ncc,spectral_score,fill_level_db,bpm,tempo_conf,off_beat_ms,merged_from,refilled
01:00.501,60.501,60.0,exemplar,detected,-6.817,0.643,9.57,0.8,140.4,0.393,18.2,1,
01:19.391,79.391,30.0,exemplar,detected,3.395,0.656,6.41,-3.7,70.2,0.204,22.6,1,
01:37.771,97.771,40.0,exemplar,detected,-6.79,0.62,7.39,-0.5,70.2,0.065,45.2,1,
01:57.067,117.067,48.0,exemplar,detected,3.417,0.627,6.84,-1.1,140.6,0.028,2.6,1,
02:00.651,120.651,21.0,exemplar,detected,-6.817,0.536,10.43,-0.3,140.6,0.034,11.8,1,
02:07.325,127.325,38.0,exemplar,missed,4.055,0.558,7.35,-2.2,140.4,0.059,210.2,1,
02:54.699,174.699,24.0,exemplar,detected,6.806,0.617,6.11,2.8,140.4,0.033,29.2,1,
03:01.398,181.398,24.0,exemplar,detected,-5.117,0.646,7.26,0.9,102.0,0.016,175.0,1,
03:15.446,195.446,29.0,exemplar,detected,5.784,0.587,3.42,0.5,71.9,0.026,54.0,1,
03:22.335,202.335,23.0,exemplar,detected,5.785,0.668,5.07,0.8,91.8,0.021,97.4,1,
04:14.275,254.275,36.0,exemplar,missed,-0.32,0.196,6.25,0.3,187.5,0.362,0.0,1,
04:27.145,267.145,158.0,exemplar,missed,0.308,0.276,10.94,-0.4,187.5,0.344,12.0,1,off-beat
05:01.782,301.782,94.0,exemplar,detected,-6.442,0.443,9.89,0.9,140.2,0.618,22.0,1,off-beat
05:16.912,316.912,39.0,exemplar,missed,3.408,0.906,30.2,-4.8,140.1,0.649,19.2,1,
05:37.035,337.035,93.0,exemplar,detected,-2.143,0.688,13.53,-5.4,139.9,0.569,1.0,1,
05:44.247,344.247,90.0,exemplar,missed,-4.693,0.547,16.11,2.3,139.9,0.582,23.8,1,
06:01.691,361.691,47.0,exemplar,missed,-8.978,0.604,15.99,-4.7,139.9,0.615,26.8,1,
06:46.718,406.718,56.0,exemplar,missed,-6.856,0.623,6.71,7.4,139.9,0.715,4.8,1,
08:52.256,532.256,92.0,exemplar,detected,-4.691,0.507,6.95,0.2,139.9,0.67,25.8,1,
09:06.656,546.656,41.0,exemplar,detected,-3.408,0.74,4.84,-1.2,139.9,0.646,22.4,1,
09:16.545,556.545,45.0,exemplar,detected,-13.72,0.429,8.23,0.9,139.9,0.645,1.6,1,off-beat
10:16.865,616.865,33.0,exemplar,detected,6.835,0.319,7.65,-0.9,139.9,0.69,25.8,1,
11:02.934,662.934,153.0,exemplar,detected,-3.511,0.895,3.33,-0.6,139.9,0.496,80.6,1,
11:16.673,676.673,25.0,exemplar,detected,-13.732,0.705,7.88,1.0,139.9,0.551,10.4,1,off-beat
12:37.469,757.469,44.0,exemplar,missed,3.374,0.447,10.85,-4.4,139.9,0.686,56.4,1,
13:17.302,797.302,17.0,exemplar,detected,2.993,0.4,3.48,1.5,139.9,0.756,8.6,1,
14:15.483,855.483,88.0,exemplar,missed,14.988,0.406,11.95,-0.2,139.9,0.773,20.0,1,off-beat
14:25.622,865.622,23.0,exemplar,detected,-5.127,0.366,10.34,3.1,140.1,0.774,13.8,1,
14:47.521,887.521,72.0,exemplar,detected,-5.494,0.405,11.88,-2.5,140.1,0.736,75.2,1,
14:54.313,894.313,54.0,periodic,missed,,,7.81,-1.6,140.1,0.737,,1,
16:01.270,961.27,39.0,exemplar,detected,13.695,0.504,11.2,-3.2,140.1,0.725,13.8,1,off-beat
16:30.870,990.87,112.0,exemplar,detected+residual,17.142,0.783,13.23,2.5,139.9,0.723,10.0,2,merged+off-beat
16:55.422,1015.422,30.0,exemplar,missed,3.408,0.756,9.76,-5.6,139.9,0.676,22.4,1,
17:16.555,1036.555,46.0,exemplar,detected,6.328,0.851,6.15,-0.8,139.9,0.676,104.0,1,
18:09.079,1089.079,40.0,periodic,detected,,,7.67,-4.7,139.9,0.625,,1,
18:26.167,1106.167,74.0,periodic,detected,,,4.17,-1.8,139.9,0.634,,1,
18:26.369,1106.369,23.0,exemplar,detected,-1.182,0.299,16.42,2.6,139.9,0.634,104.4,1,
18:26.456,1106.456,64.0,periodic,residual,,,19.72,-5.9,139.9,0.641,,1,off-beat
21:06.105,1266.105,37.0,exemplar,residual,-5.571,0.359,14.62,-4.5,139.9,0.733,3.4,1,
21:06.209,1266.209,94.0,exemplar,detected+residual,5.598,0.36,8.27,1.8,139.9,0.731,23.6,2,merged+off-beat
22:09.378,1329.378,47.0,exemplar,detected,-3.406,0.516,6.52,-0.4,140.1,0.578,21.2,1,off-beat
22:15.820,1335.82,40.0,exemplar,detected,0.753,0.763,3.81,1.4,140.2,0.626,103.0,1,
22:16.119,1336.119,35.0,exemplar,detected,0.44,0.523,5.98,0.6,140.2,0.629,12.0,1,off-beat
22:28.501,1348.501,54.0,exemplar,missed,-1.035,0.641,5.41,-0.4,186.8,0.594,71.4,1,
22:39.881,1359.881,44.0,exemplar,missed,7.942,0.593,11.1,0.4,186.8,0.617,88.0,1,
22:42.805,1362.805,95.0,exemplar,missed,10.262,0.529,8.06,2.5,140.1,0.703,19.6,1,off-beat
22:46.483,1366.483,37.0,exemplar,missed,-3.553,0.461,8.68,-1.3,186.8,0.633,19.8,1,off-beat
23:31.031,1411.031,56.0,exemplar,detected,-10.295,0.462,11.58,3.8,140.1,0.712,13.4,1,off-beat
23:37.794,1417.794,36.0,exemplar,detected,4.132,0.774,6.03,1.3,186.8,0.646,43.6,1,
24:46.775,1486.775,25.0,exemplar,detected,-6.843,0.605,7.76,0.3,140.1,0.599,11.4,1,
25:07.031,1507.031,41.0,exemplar,detected,3.427,0.586,15.04,0.6,139.9,0.556,3.4,1,
25:07.639,1507.639,31.0,exemplar,detected,-4.272,0.462,12.07,4.5,140.1,0.548,12.0,1,
25:22.121,1522.121,55.0,exemplar,missed,-3.426,0.65,11.1,-2.0,140.1,0.539,1.2,1,
25:43.650,1543.65,142.0,exemplar,missed,-2.673,0.463,20.13,-1.3,186.8,0.259,103.4,1,
25:45.395,1545.395,175.0,exemplar,detected,3.405,0.438,10.2,7.9,186.6,0.285,132.6,1,
25:45.654,1545.654,26.0,exemplar,detected,-6.858,0.364,25.92,-13.5,186.8,0.291,112.8,1,
26:04.401,1564.401,53.0,exemplar,residual,-6.796,0.588,6.67,0.9,140.1,0.534,58.4,1,
26:04.717,1564.717,49.0,exemplar,detected,-6.816,0.616,12.28,-1.7,140.1,0.534,38.4,1,
26:21.660,1581.66,58.0,exemplar,missed,0.434,0.238,9.44,0.1,140.1,0.514,5.6,1,off-beat
26:27.885,1587.885,42.0,exemplar,detected,4.792,0.169,12.58,-2.0,140.1,0.527,79.6,1,
26:28.845,1588.845,29.0,exemplar,detected,-17.12,0.583,13.8,-4.9,140.1,0.526,16.0,1,off-beat
26:54.264,1614.264,56.0,exemplar,detected,-13.703,0.599,10.62,0.8,140.1,0.555,5.8,1,off-beat
27:09.997,1629.997,44.0,exemplar,detected,-3.457,0.497,13.26,0.5,140.1,0.637,29.8,1,
27:14.915,1634.915,85.0,exemplar,detected,3.803,0.523,9.54,-0.2,140.1,0.676,52.6,1,
27:43.928,1663.928,99.0,exemplar,detected,-3.428,0.498,25.65,1.4,139.9,0.667,2.4,1,off-beat
27:49.699,1669.699,83.0,exemplar,detected,6.836,0.362,19.38,0.3,139.9,0.696,24.8,1,off-beat
27:55.565,1675.565,47.0,exemplar,detected,1.689,0.473,11.16,-0.5,139.9,0.688,26.2,1,
27:55.857,1675.857,83.0,exemplar,residual,-6.945,0.585,11.86,-1.5,139.9,0.682,84.2,1,
27:57.434,1677.434,61.0,periodic,missed,-3.531,0.606,22.02,2.2,139.9,0.682,100.6,1,
28:04.888,1684.888,78.0,exemplar,detected,-3.429,0.446,17.13,-5.8,139.9,0.701,1.4,1,
28:05.062,1685.062,56.0,exemplar,residual,-12.448,0.417,14.75,-1.4,139.9,0.701,12.8,1,off-beat
28:21.133,1701.133,56.0,exemplar,detected,-6.801,0.431,19.26,1.0,139.9,0.669,59.8,1,
28:21.760,1701.76,44.0,exemplar,missed,-6.856,0.561,7.0,-0.6,139.9,0.684,4.8,1,off-beat
28:22.273,1702.273,56.0,exemplar,missed,-5.121,0.485,11.2,-1.8,139.9,0.681,24.6,1,
28:32.099,1712.099,103.0,exemplar,detected,10.283,0.408,9.07,-0.3,139.9,0.612,8.2,1,off-beat
28:46.488,1726.488,78.0,exemplar,detected,1.673,0.57,9.52,-1.7,139.9,0.686,42.2,1,
28:55.704,1735.704,60.0,exemplar,detected,6.923,0.454,19.53,1.9,139.9,0.683,62.2,1,
28:56.707,1736.707,15.0,exemplar,detected,4.775,0.453,7.96,4.1,139.9,0.679,58.2,1,
29:04.332,1744.332,61.0,exemplar,missed,6.887,0.473,10.53,1.5,140.1,0.666,32.6,1,
29:09.742,1749.742,78.0,exemplar,detected,0.415,0.477,13.6,-0.8,140.1,0.613,13.4,1,
29:11.766,1751.766,126.0,exemplar,missed,-1.201,0.392,9.27,3.4,140.1,0.638,84.2,1,
29:16.256,1756.256,71.0,exemplar,detected,-3.346,0.559,13.04,-0.3,140.2,0.587,78.0,1,
29:20.976,1760.976,52.0,exemplar,missed,6.389,0.471,28.62,0.7,140.1,0.53,37.0,1,
29:51.234,1791.234,118.0,exemplar,missed,14.113,0.244,17.92,-1.7,140.1,0.588,24.2,1,off-beat
29:51.747,1791.747,38.0,exemplar,detected,-0.456,0.34,14.36,-5.8,140.1,0.596,27.6,1,
29:53.826,1793.826,128.0,exemplar,detected,9.416,0.444,12.6,-1.7,140.1,0.624,8.8,1,
29:57.835,1797.835,46.0,exemplar,missed,-3.857,0.543,15.49,-1.6,139.9,0.668,2.2,1,
30:23.073,1823.073,51.0,exemplar,missed,-6.727,0.483,16.75,1.1,186.8,0.632,18.2,1,off-beat
30:24.406,1824.406,60.0,exemplar,missed,-6.812,0.595,8.93,0.4,186.8,0.635,66.8,1,
30:44.161,1844.161,75.0,exemplar,missed,-6.381,0.256,9.33,2.8,186.8,0.614,43.0,1,
30:46.507,1846.507,66.0,exemplar,missed,0.346,0.501,7.49,1.4,186.8,0.606,24.8,1,
31:15.446,1875.446,32.0,exemplar,missed,4.785,0.388,12.48,-2.6,186.8,0.682,33.0,1,
31:34.116,1894.116,22.0,exemplar,detected,7.009,0.399,7.89,-0.0,186.8,0.659,57.4,1,
31:34.222,1894.222,61.0,exemplar,detected,-3.221,0.369,11.57,-1.3,186.8,0.657,9.0,1,
31:43.106,1903.106,75.0,exemplar,missed,-6.726,0.685,8.68,1.5,186.8,0.65,19.2,1,
32:07.489,1927.489,89.0,exemplar,missed,-6.857,0.719,12.25,1.2,139.9,0.607,3.8,1,
32:24.964,1944.964,16.0,exemplar,detected,1.669,0.441,9.72,1.9,139.9,0.623,46.2,1,
32:43.950,1963.95,52.0,exemplar,detected,0.865,0.41,7.44,0.1,139.9,0.575,7.4,1,off-beat
32:44.292,1964.292,25.0,exemplar,detected,-5.158,0.243,8.62,0.7,139.9,0.575,12.4,1,off-beat
32:50.980,1970.98,29.0,exemplar,detected,4.702,0.375,5.25,-0.1,139.9,0.521,14.8,1,
32:54.916,1974.916,21.0,exemplar,detected,-3.361,0.176,5.65,1.3,139.9,0.494,69.4,1,
33:02.521,1982.521,55.0,periodic,detected,,,9.88,-2.7,139.9,0.522,,1,
33:39.983,2019.983,53.0,exemplar,detected,6.856,0.618,2.41,1.0,140.1,0.556,1.6,1,
33:53.956,2033.956,92.0,exemplar,detected,9.058,0.541,7.11,0.4,140.1,0.519,61.6,1,
33:54.991,2034.991,102.0,exemplar,detected,-1.613,0.597,6.26,0.4,140.1,0.535,100.6,1,
33:57.443,2037.443,71.0,exemplar,detected,-3.436,0.779,15.98,-4.4,139.9,0.528,5.6,1,off-beat
34:39.065,2079.065,63.0,exemplar,detected,1.742,0.73,7.4,-0.6,140.1,0.38,28.4,1,
34:50.724,2090.724,54.0,exemplar,detected,-1.657,0.776,6.78,-1.6,144.2,0.525,7.0,1,
35:12.655,2112.655,28.0,exemplar,detected,-1.638,0.616,13.68,-4.9,144.4,0.545,24.4,1,
35:13.722,2113.722,38.0,exemplar,detected,-0.388,0.568,8.01,-0.1,144.4,0.539,27.6,1,
35:59.907,2159.907,103.0,exemplar,detected+residual,11.201,0.593,10.84,1.2,144.9,0.571,23.0,2,merged
36:23.215,2183.215,41.0,exemplar,detected,-0.389,0.63,5.93,-1.2,144.9,0.563,25.0,1,
36:25.560,2185.56,101.0,exemplar,missed,5.359,0.653,12.32,3.3,144.9,0.555,23.0,1,
36:46.831,2206.831,30.0,exemplar,detected,0.438,0.29,8.43,1.0,144.9,0.531,24.0,1,
36:51.588,2211.588,64.0,exemplar,detected,-1.631,0.687,13.57,4.0,145.1,0.51,23.4,1,
37:03.063,2223.063,40.0,exemplar,missed,-9.5,0.751,6.95,-1.1,144.9,0.547,22.0,1,
37:05.017,2225.017,27.0,exemplar,detected,-9.109,0.807,11.1,0.2,144.9,0.551,1.0,1,
37:23.311,2243.311,97.0,exemplar,detected,-6.526,0.514,4.1,-0.6,144.9,0.551,98.0,1,
37:43.055,2263.055,21.0,exemplar,detected,-9.932,0.662,9.12,-3.6,144.9,0.517,4.0,1,
38:15.375,2295.375,36.0,exemplar,detected,-7.458,0.465,11.33,0.4,144.9,0.337,6.0,1,cluster+off-beat
38:22.127,2302.127,68.0,exemplar,detected,1.242,0.451,5.15,-1.1,145.1,0.372,1.2,1,cluster+off-beat
38:24.271,2304.271,60.0,exemplar,detected,0.804,0.403,5.11,0.1,145.1,0.399,23.2,1,cluster
38:28.927,2308.927,35.0,exemplar,missed,-1.241,0.529,10.34,-1.6,145.1,0.412,0.2,1,cluster
38:30.671,2310.671,39.0,exemplar,detected,1.242,0.301,11.72,0.3,145.1,0.437,1.2,1,cluster+off-beat
38:31.106,2311.106,120.0,exemplar,missed,0.806,0.36,6.85,-1.1,145.1,0.419,21.2,1,cluster
38:33.231,2313.231,36.0,exemplar,detected,1.22,0.308,9.77,-0.3,145.1,0.467,20.8,1,cluster+off-beat
38:33.287,2313.287,48.0,exemplar,residual,-1.63,0.306,18.3,-2.5,145.1,0.446,24.4,1,cluster+off-beat
38:33.404,2313.404,47.0,exemplar,residual,-7.879,0.345,16.27,-0.5,145.1,0.448,20.6,1,cluster+off-beat
38:36.069,2316.069,26.0,exemplar,detected,-0.414,0.332,5.58,-0.6,145.1,0.43,0.4,1,cluster
38:37.261,2317.261,118.0,exemplar,missed,-2.898,0.458,9.78,-0.7,145.1,0.454,2.8,1,cluster+off-beat
38:40.452,2320.452,76.0,exemplar,detected,7.428,0.338,12.25,1.9,145.1,0.491,16.8,1,cluster+off-beat
38:42.672,2322.672,40.0,exemplar,detected,3.29,0.467,9.18,0.6,145.1,0.49,18.8,1,cluster
38:42.800,2322.8,25.0,exemplar,detected,-0.827,0.455,11.28,0.9,145.1,0.489,0.2,1,cluster
38:49.381,2329.381,28.0,exemplar,detected,-13.228,0.532,13.02,1.1,145.1,0.532,7.2,1,cluster
38:50.320,2330.32,48.0,exemplar,detected,2.462,0.535,14.34,0.1,145.1,0.534,19.6,1,cluster+off-beat
38:52.485,2332.485,16.0,exemplar,detected,-9.91,0.574,7.39,1.0,145.1,0.555,16.4,1,cluster
39:04.150,2344.15,70.0,exemplar,missed,3.34,0.39,15.16,-2.4,145.1,0.509,31.2,1,
39:13.016,2353.016,95.0,exemplar,missed,3.288,0.643,8.16,-1.4,145.1,0.499,20.8,1,
39:17.016,2357.016,76.0,exemplar,missed,3.341,0.808,6.3,-0.2,144.9,0.496,29.0,1,
39:20.613,2360.613,100.0,exemplar,detected,1.217,0.688,13.92,-4.8,144.9,0.497,25.0,1,
39:24.912,2364.912,81.0,exemplar,detected,1.655,0.677,14.29,1.8,144.9,0.495,1.0,1,
39:33.136,2373.136,60.0,exemplar,detected,0.415,0.619,10.47,0.4,144.9,0.485,1.0,1,off-beat
39:40.035,2380.035,36.0,exemplar,missed,-0.828,0.697,12.82,-2.8,144.9,0.494,0.0,1,
39:42.835,2382.835,57.0,exemplar,missed,-1.152,0.393,18.17,-6.8,144.9,0.483,90.0,1,
39:42.937,2382.937,78.0,exemplar,missed,3.669,0.527,13.86,4.7,144.9,0.482,57.0,1,
39:54.469,2394.469,67.0,exemplar,detected,3.34,0.719,8.39,-0.2,144.9,0.494,28.0,1,
40:15.898,2415.898,37.0,exemplar,detected,-7.012,0.808,9.82,-1.5,144.9,0.488,26.0,1,
40:22.831,2422.831,55.0,exemplar,detected,-6.533,0.691,9.98,-0.9,144.9,0.489,91.0,1,
40:25.936,2425.936,90.0,exemplar,detected,0.806,0.844,5.6,-0.3,144.9,0.484,22.0,1,
40:43.429,2443.429,39.0,exemplar,detected,7.449,0.695,11.99,-1.5,144.9,0.434,3.0,1,
40:44.539,2444.539,52.0,exemplar,detected,7.013,0.633,7.1,0.8,144.9,0.427,25.0,1,
40:46.274,2446.274,69.0,exemplar,missed,-4.53,0.743,11.86,-1.1,144.9,0.429,24.0,1,
40:50.737,2450.737,49.0,exemplar,detected,7.383,0.716,10.47,0.0,144.9,0.43,69.0,1,
40:51.590,2451.59,38.0,exemplar,detected,0.784,0.602,8.4,1.0,144.9,0.424,44.0,1,
40:52.518,2452.518,225.0,exemplar,detected+residual,13.248,0.497,9.49,-0.2,144.9,0.423,0.0,2,merged
40:53.241,2453.241,144.0,exemplar,detected,-7.427,0.754,13.12,5.1,144.9,0.425,25.0,1,off-beat
41:00.561,2460.561,17.0,exemplar,detected,2.484,0.687,10.73,-2.0,144.9,0.414,0.0,1,off-beat
41:10.034,2470.034,66.0,exemplar,detected,-0.392,0.752,11.46,-0.1,144.9,0.461,22.0,1,
41:10.490,2470.49,62.0,exemplar,missed,0.366,0.673,9.01,-1.5,144.9,0.446,48.0,1,
41:13.030,2473.03,48.0,exemplar,detected,2.462,0.638,11.28,3.6,144.9,0.456,22.0,1,
41:17.690,2477.69,42.0,exemplar,missed,7.406,0.602,10.03,-0.4,144.9,0.455,46.0,1,
41:21.807,2481.807,83.0,exemplar,missed,9.866,0.557,6.14,-1.2,144.9,0.455,70.0,1,
41:25.094,2485.094,84.0,exemplar,detected,-9.91,0.594,5.75,-0.8,144.9,0.456,26.0,1,
41:31.729,2491.729,48.0,exemplar,detected,-9.91,0.578,6.6,-0.2,144.9,0.461,26.0,1,
41:39.132,2499.132,57.0,exemplar,detected,5.793,0.638,8.16,-1.5,144.9,0.459,3.0,1,
41:46.662,2506.662,39.0,exemplar,detected,7.405,0.633,5.32,2.0,144.9,0.406,47.0,1,
41:46.854,2506.854,77.0,exemplar,detected,6.555,0.561,12.58,1.3,144.9,0.41,69.0,1,
41:52.336,2512.336,30.0,exemplar,detected,-5.739,0.588,9.73,-1.0,144.9,0.364,57.0,1,
41:58.896,2518.896,73.0,exemplar,detected,-0.836,0.595,6.89,-1.0,144.9,0.312,8.0,1,off-beat
41:59.857,2519.857,24.0,exemplar,detected,6.604,0.684,8.31,1.4,144.9,0.302,20.0,1,
42:00.092,2520.092,72.0,exemplar,detected,-6.585,0.568,8.56,-3.5,144.9,0.301,39.0,1,
42:01.180,2521.18,174.0,exemplar,detected+residual,0.46,0.759,16.69,3.9,144.9,0.282,46.0,2,merged
42:01.799,2521.799,81.0,exemplar,detected,-3.394,0.619,6.1,1.1,144.9,0.297,82.0,1,
42:01.948,2521.948,155.0,exemplar,detected,3.303,0.71,6.41,-0.9,144.9,0.301,9.0,1,
42:13.767,2533.767,23.0,exemplar,detected,-6.812,0.224,15.01,3.8,96.6,0.403,16.8,1,
42:15.249,2535.249,20.0,exemplar,detected,1.151,0.133,8.62,3.1,96.6,0.441,90.6,1,
42:45.052,2565.052,53.0,exemplar,detected,0.632,0.39,13.28,-3.3,193.3,0.23,11.2,1,
42:45.575,2565.575,32.0,exemplar,detected,9.869,0.421,20.69,2.0,193.3,0.229,63.8,1,
42:47.717,2567.717,28.0,exemplar,missed,1.654,0.422,22.08,-1.1,193.3,0.232,102.0,1,
42:47.893,2567.893,55.0,exemplar,missed,3.222,0.62,13.01,-0.9,193.3,0.227,118.0,1,
42:50.231,2570.231,57.0,exemplar,missed,0.287,0.22,16.06,-4.5,193.3,0.21,23.4,1,
42:53.541,2573.541,77.0,exemplar,missed,0.7,0.406,10.7,0.8,193.5,0.203,80.0,1,
42:57.656,2577.656,52.0,exemplar,missed,2.75,0.299,13.44,8.2,194.8,0.19,22.0,1,
42:59.195,2579.195,24.0,exemplar,detected,-3.292,0.145,7.81,-3.3,186.8,0.163,80.0,1,
43:02.162,2582.162,34.0,exemplar,detected,0.806,0.26,9.33,0.9,186.8,0.179,157.6,1,
43:11.343,2591.343,134.0,exemplar,residual,6.179,0.378,6.78,-0.1,186.8,0.227,76.2,1,
43:11.730,2591.73,343.0,exemplar,detected+residual,-6.915,0.575,6.07,-0.3,186.8,0.231,151.4,2,merged
43:15.367,2595.367,68.0,exemplar,detected,1.09,0.528,7.56,1.4,186.8,0.258,126.4,1,
43:20.050,2600.05,138.0,exemplar,detected,-1.943,0.61,6.25,-0.8,186.8,0.262,15.8,1,
43:24.965,2604.965,133.0,exemplar,missed,-6.997,0.399,17.99,0.3,186.8,0.251,69.4,1,
43:29.106,2609.106,77.0,exemplar,detected,0.846,0.627,8.96,-1.5,140.1,0.347,10.8,1,
43:31.810,2611.81,122.0,exemplar,missed,-6.914,0.429,8.69,-2.3,140.1,0.365,59.6,1,
44:28.910,2668.91,97.0,exemplar,missed,4.074,0.481,17.39,10.3,70.0,0.488,212.0,1,
44:56.284,2696.284,103.0,exemplar,detected,-1.691,0.556,7.58,8.1,139.9,0.471,24.2,1,
45:21.959,2721.959,62.0,exemplar,detected,-0.406,0.48,7.25,0.5,139.9,0.467,22.8,1,
45:23.609,2723.609,86.0,exemplar,missed,-8.625,0.606,9.74,2.0,139.9,0.479,49.0,1,
45:31.590,2731.59,53.0,exemplar,detected,1.719,0.55,8.28,2.3,139.9,0.464,3.8,1,off-beat
45:32.786,2732.786,24.0,exemplar,detected,2.467,0.599,10.07,-0.5,139.9,0.459,105.8,1,
45:44.157,2744.157,55.0,exemplar,detected,-1.391,0.604,8.64,-1.9,139.9,0.454,104.6,1,
45:45.383,2745.383,70.0,exemplar,detected,-12.447,0.442,9.9,0.3,139.9,0.462,11.8,1,off-beat
45:45.504,2745.504,49.0,exemplar,residual,13.288,0.481,10.66,-1.5,139.9,0.46,4.8,1,off-beat
45:54.162,2754.162,52.0,exemplar,detected,8.599,0.557,11.91,-2.2,139.9,0.456,23.0,1,off-beat
45:54.450,2754.45,67.0,exemplar,detected,3.381,0.664,9.26,-1.6,139.9,0.459,49.4,1,
46:02.424,2762.424,99.0,exemplar,missed,-7.399,0.244,11.63,1.7,186.8,0.437,11.4,1,off-beat
46:10.301,2770.301,20.0,exemplar,detected,3.845,0.148,18.12,-0.7,186.8,0.417,9.4,1,off-beat
46:14.704,2774.704,46.0,exemplar,missed,5.128,0.324,7.23,-1.9,140.1,0.385,12.8,1,
46:16.047,2776.047,66.0,exemplar,missed,-6.777,0.325,13.26,-2.3,140.1,0.376,77.4,1,
46:29.202,2789.202,29.0,exemplar,detected,-0.411,0.248,21.53,-3.1,139.9,0.066,17.8,1,
46:30.064,2790.064,44.0,periodic,missed,,,4.49,-0.7,139.9,0.042,,1,
46:34.877,2794.877,34.0,exemplar,detected,-1.719,0.247,9.25,1.5,70.0,0.029,4.6,1,
46:56.520,2816.52,50.0,exemplar,detected,3.19,0.602,19.13,2.5,131.8,0.415,3.6,1,off-beat
47:06.898,2826.898,37.0,exemplar,detected,-7.219,0.391,4.4,0.7,132.3,0.442,38.6,1,
47:11.453,2831.453,23.0,exemplar,detected,-3.21,0.508,6.9,0.0,132.2,0.448,32.0,1,
47:37.821,2857.821,34.0,exemplar,detected,8.066,0.703,6.34,0.2,134.0,0.481,9.2,1,
47:50.866,2870.866,25.0,exemplar,detected,7.135,0.505,7.57,-1.8,134.9,0.437,18.2,1,
48:08.242,2888.242,47.0,exemplar,detected,-13.727,0.715,12.53,-2.8,135.5,0.506,0.2,1,off-beat
48:29.917,2909.917,34.0,exemplar,detected,-0.899,0.47,7.38,-0.0,135.5,0.423,13.4,1,
48:33.469,2913.469,28.0,exemplar,detected,-4.475,0.49,5.05,-0.2,135.4,0.418,43.0,1,
49:04.552,2944.552,38.0,exemplar,detected,3.474,0.379,8.55,0.0,135.6,0.337,65.2,1,
49:07.837,2947.837,32.0,exemplar,detected,10.628,0.24,5.79,0.3,135.7,0.359,20.0,1,off-beat
50:06.781,3006.781,52.0,exemplar,detected,6.99,0.563,6.6,-0.6,135.1,0.286,114.0,1,
50:10.525,3010.525,70.0,exemplar,detected,0.988,0.328,8.18,1.2,134.9,0.308,98.4,1,
50:10.664,3010.664,110.0,exemplar,detected,0.904,0.24,11.11,-0.6,134.9,0.31,14.4,1,off-beat
50:11.453,3011.453,22.0,exemplar,detected,-3.055,0.172,8.08,-1.2,134.8,0.308,61.4,1,
50:45.000,3045.0,39.0,exemplar,detected,-7.023,0.621,7.5,0.3,179.6,0.617,9.0,1,off-beat
50:49.417,3049.417,17.0,exemplar,detected,-7.036,0.37,5.03,0.1,179.6,0.607,22.0,1,off-beat
51:00.211,3060.211,17.0,exemplar,detected,-7.067,0.427,5.39,0.6,178.6,0.648,11.0,1,off-beat
51:04.990,3064.99,21.0,periodic,detected,,,10.12,0.5,178.6,0.711,,1,
51:09.673,3069.673,50.0,exemplar,detected,7.13,0.33,7.15,0.8,178.6,0.644,74.0,1,
51:23.241,3083.241,57.0,exemplar,detected,5.377,0.579,12.0,0.6,178.6,0.623,1.0,1,off-beat
51:34.270,3094.27,37.0,exemplar,detected,5.381,0.535,17.24,8.0,178.6,0.635,5.0,1,off-beat
51:48.372,3108.372,22.0,exemplar,detected,5.36,0.436,4.9,0.8,178.6,0.694,16.0,1,off-beat
52:07.284,3127.284,29.0,exemplar,detected,4.987,0.344,6.45,-2.6,178.6,0.7,53.0,1,
52:23.292,3143.292,46.0,exemplar,detected,-1.731,0.503,5.28,-1.1,178.6,0.582,51.0,1,
52:24.062,3144.062,22.0,exemplar,detected,-1.687,0.546,6.1,-1.6,178.6,0.571,7.0,1,off-beat
52:25.481,3145.481,21.0,exemplar,detected,7.037,0.389,6.63,-1.0,178.6,0.557,19.0,1,off-beat
52:26.847,3146.847,22.0,exemplar,detected,3.437,0.527,6.46,-1.6,178.6,0.545,77.0,1,
52:26.921,3146.921,32.0,exemplar,detected,12.424,0.322,5.88,0.1,178.6,0.542,8.0,1,off-beat
52:28.863,3148.863,45.0,periodic,detected,,,11.84,-1.4,178.6,0.526,,1,
52:29.951,3149.951,23.0,exemplar,detected,8.742,0.268,5.85,-0.7,178.6,0.525,6.0,1,off-beat
52:31.807,3151.807,22.0,exemplar,detected,8.732,0.415,6.83,-0.9,178.6,0.509,4.0,1,
52:46.868,3166.868,19.0,exemplar,detected,3.585,0.435,14.3,-4.2,133.8,0.517,2.2,1,off-beat
53:21.599,3201.599,79.0,exemplar,detected,-3.657,0.386,5.88,0.6,133.9,0.584,73.0,1,
53:26.463,3206.463,21.0,exemplar,detected,3.612,0.403,6.77,2.9,133.9,0.523,28.0,1,
53:41.258,3221.258,45.0,exemplar,detected,3.527,0.385,9.0,-0.3,133.8,0.5,60.2,1,
53:45.066,3225.066,45.0,exemplar,detected,5.397,0.333,7.35,-0.3,133.9,0.505,21.0,1,
53:57.151,3237.151,111.0,exemplar,detected,8.947,0.573,9.47,-4.0,133.9,0.523,13.0,1,
53:59.349,3239.349,100.0,exemplar,detected,-1.793,0.451,4.08,0.6,133.9,0.528,1.0,1,
54:05.855,3245.855,63.0,exemplar,detected,-7.168,0.551,7.74,-2.5,133.9,0.531,0.0,1,
54:47.914,3287.914,34.0,exemplar,detected,-5.385,0.49,10.51,-2.4,133.9,0.443,9.0,1,off-beat
55:00.149,3300.149,23.0,exemplar,detected,-5.333,0.582,3.41,1.1,133.9,0.407,43.0,1,
55:07.274,3307.274,21.0,exemplar,detected,1.789,0.623,5.33,0.8,133.8,0.295,4.6,1,
55:09.120,3309.12,45.0,exemplar,detected,7.152,0.576,8.85,-1.3,133.9,0.268,16.0,1,
55:09.290,3309.29,25.0,exemplar,detected,-8.28,0.632,10.28,0.3,133.9,0.258,216.0,1,
55:17.876,3317.876,28.0,exemplar,detected,-1.747,0.418,9.45,1.4,178.6,0.285,67.0,1,
55:29.056,3329.056,85.0,exemplar,detected,1.981,0.583,9.87,1.1,133.9,0.513,189.0,1,
56:10.196,3370.196,136.0,exemplar,detected,5.371,0.794,21.93,3.4,133.9,0.77,5.0,1,off-beat
56:16.831,3376.831,48.0,exemplar,detected,10.742,0.858,15.13,-3.1,133.9,0.758,10.0,1,off-beat
56:18.895,3378.895,139.0,exemplar,residual,-3.588,0.672,4.36,-3.1,133.9,0.758,4.0,1,
56:19.136,3379.136,82.0,exemplar,detected,5.457,0.588,10.13,-1.3,133.9,0.756,81.0,1,
56:42.178,3402.178,115.0,exemplar,missed,-1.796,0.811,16.28,-5.3,133.9,0.778,4.0,1,
56:50.590,3410.59,116.0,exemplar,missed,3.573,0.618,20.11,4.7,133.9,0.784,11.0,1,
57:17.747,3437.747,92.0,exemplar,missed,-3.593,0.791,18.76,-2.4,133.9,0.704,9.0,1,
57:21.778,3441.778,78.0,exemplar,missed,-5.37,0.803,9.91,-0.5,133.9,0.697,6.0,1,off-beat
57:26.870,3446.87,146.0,exemplar,missed,6.461,0.867,14.74,-4.4,133.9,0.691,189.0,1,
57:28.638,3448.638,56.0,exemplar,residual,-10.729,0.451,9.2,1.6,133.9,0.688,23.0,1,off-beat
57:28.773,3448.773,149.0,periodic,residual,,,13.62,-0.4,133.9,0.692,,1,
57:28.971,3448.971,78.0,exemplar,detected,-8.047,0.538,23.64,4.7,133.9,0.692,17.0,1,
57:53.259,3473.259,128.0,exemplar,detected,-1.774,0.85,12.52,-1.4,133.9,0.558,18.0,1,off-beat
57:54.144,3474.144,89.0,exemplar,detected,-17.047,0.745,15.53,-0.7,133.9,0.551,23.0,1,off-beat
58:03.093,3483.093,43.0,exemplar,detected,-7.168,0.725,10.1,-0.9,133.9,0.569,0.0,1,off-beat
58:30.709,3510.709,104.0,exemplar,detected,-7.637,0.479,12.13,-0.7,133.8,0.713,14.2,1,off-beat
58:32.949,3512.949,30.0,exemplar,detected,4.12,0.697,15.06,1.3,133.8,0.696,84.4,1,
58:33.017,3513.017,58.0,exemplar,residual,-13.923,0.489,10.01,-2.5,133.8,0.694,22.6,1,off-beat
59:34.390,3574.39,48.0,exemplar,residual+detected,14.329,0.425,5.74,0.5,133.8,0.371,19.8,2,merged
59:34.795,3574.795,19.0,exemplar,detected,-9.359,0.466,9.5,2.3,133.8,0.363,57.4,1,
59:38.816,3578.816,22.0,exemplar,detected,-5.795,0.543,8.59,2.2,133.9,0.338,29.0,1,
59:40.875,3580.875,37.0,exemplar,detected,4.911,0.484,6.75,-0.3,133.8,0.309,21.4,1,
59:46.411,3586.411,20.0,exemplar,detected,-1.333,0.779,6.47,3.2,133.0,0.264,20.6,1,
59:48.011,3588.011,50.0,exemplar,detected,8.947,0.404,9.64,-0.1,133.0,0.265,77.0,1,
59:48.214,3588.214,19.0,exemplar,detected,4.391,0.514,5.25,-0.6,133.1,0.266,117.0,1,
59:49.185,3589.185,86.0,exemplar,detected,3.446,0.439,10.91,3.1,133.1,0.26,160.4,1,
59:51.510,3591.51,37.0,exemplar,detected,7.963,0.55,9.5,0.0,133.0,0.267,158.6,1,
59:58.742,3598.742,27.0,exemplar,detected,8.08,0.51,7.48,-2.5,133.0,0.229,41.6,1,
60:08.843,3608.843,50.0,exemplar,detected,7.22,0.564,5.67,-1.0,133.0,0.194,0.8,1,
60:12.736,3612.736,43.0,exemplar,detected,-4.022,0.455,3.33,2.3,133.0,0.139,38.8,1,
60:16.427,3616.427,40.0,exemplar,detected,4.021,0.635,6.74,0.6,133.0,0.116,39.8,1,
60:19.638,3619.638,58.0,exemplar,detected,7.132,0.515,5.99,0.0,132.9,0.068,93.6,1,
60:29.238,3629.238,39.0,exemplar,detected,7.205,0.512,6.29,-1.5,52.1,0.054,300.2,1,
60:32.605,3632.605,39.0,exemplar,missed,-2.666,0.498,12.09,-5.1,52.1,0.065,364.4,1,
60:33.356,3633.356,46.0,exemplar,detected,4.02,0.479,5.79,3.5,52.1,0.062,567.6,1,
60:34.785,3634.785,37.0,exemplar,detected,0.883,0.629,7.06,2.0,52.1,0.056,267.8,1,
60:36.950,3636.95,53.0,exemplar,detected,4.445,0.729,8.88,3.5,52.4,0.052,139.0,1,
60:37.868,3637.868,23.0,exemplar,detected,2.638,0.499,6.44,4.0,52.4,0.051,346.0,1,
60:48.929,3648.929,44.0,exemplar,detected,-4.916,0.442,7.36,1.4,66.5,0.01,404.0,1,
60:57.484,3657.484,47.0,exemplar,detected,-8.302,0.517,10.03,-0.1,66.5,0.008,184.0,1,
60:57.668,3657.668,115.0,periodic,residual,,,17.25,-0.8,66.5,0.014,,2,merged
61:01.706,3661.706,50.0,periodic,missed,,,13.29,-2.8,66.5,0.012,,1,
61:05.345,3665.345,50.0,periodic,detected,-5.374,0.618,7.44,0.7,66.5,0.016,42.8,1,
61:06.580,3666.58,67.0,periodic,missed,,,9.8,-4.1,66.5,0.019,,1,
61:30.615,3690.615,30.0,exemplar,detected,5.416,0.565,5.78,-1.6,133.0,0.264,1.6,1,
61:41.399,3701.399,29.0,exemplar,detected,-3.586,0.552,9.27,-0.5,133.0,0.385,23.6,1,
62:07.426,3727.426,147.0,exemplar,detected,3.622,0.249,10.37,-3.6,133.0,0.476,12.4,1,
62:16.535,3736.535,33.0,exemplar,detected,-4.487,0.416,6.37,-1.4,133.0,0.484,25.0,1,
62:54.082,3774.082,23.0,exemplar,detected,-2.686,0.558,5.0,2.8,133.0,0.385,21.2,1,
63:00.357,3780.357,45.0,exemplar,residual,-3.589,0.552,7.22,2.6,133.0,0.336,20.6,1,
63:00.589,3780.589,58.0,exemplar,detected,-3.589,0.536,8.49,-0.1,133.0,0.338,20.6,1,
63:09.090,3789.09,77.0,exemplar,detected,-7.24,0.436,12.82,3.0,133.0,0.283,20.8,1,
63:16.994,3796.994,24.0,exemplar,detected,5.867,0.474,6.87,0.2,133.0,0.278,1.4,1,
63:17.186,3797.186,52.0,exemplar,detected,-7.134,0.355,12.97,2.3,133.0,0.273,85.2,1,
63:17.346,3797.346,19.0,exemplar,detected,-9.435,0.341,5.77,1.1,133.0,0.273,40.2,1,
63:20.290,3800.29,57.0,exemplar,detected,1.803,0.42,11.96,1.7,133.0,0.245,1.8,1,
63:28.407,3808.407,63.0,exemplar,detected,9.009,0.41,10.17,0.3,133.0,0.178,15.0,1,
63:37.111,3817.111,36.0,exemplar,detected,2.712,0.544,13.48,-0.7,133.0,0.15,4.8,1,
63:41.303,3821.303,29.0,exemplar,detected,-3.17,0.574,10.43,-4.2,133.7,0.066,28.4,1,
63:47.458,3827.458,27.0,exemplar,detected,1.809,0.631,11.74,2.5,66.9,-0.015,14.6,1,
63:48.450,3828.45,28.0,exemplar,detected,-4.922,0.586,10.89,-2.7,66.9,-0.017,436.0,1,
63:49.858,3829.858,77.0,periodic,detected,,,10.29,-2.0,132.4,0.051,,1,
63:51.234,3831.234,107.0,periodic,detected,7.62,0.425,17.06,5.7,132.9,0.044,57.2,1,
64:10.808,3850.808,22.0,exemplar,detected,6.77,0.453,10.81,-1.0,66.5,-0.003,450.4,1,
64:34.893,3874.893,22.0,exemplar,detected,2.963,0.313,6.81,0.9,181.4,0.787,14.2,1,off-beat
